ID,Prenom,Nom,Age,Job,Ville,Tel,Adresse mail
1,Matheo,Mathieu,78,Retraite,Perpignan,0744661934,marcogzapro@gmail.com
2,Nathan,Dufour,65,Chefs d'entreprise,Saint-Paul,0697283471,benjamin.bernaud@gmail.com
3,Matheo,Lecomte,41,Cadres,Creteil,0711727229,quentin2908@gmail.com
4,Hugo,Blanc,57,Cadres,Saint-Pierre,0762115819,quentin2908@gmail.com
5,Rayan,Leroy,56,Commercants,Lille,0741419992,marcogzapro@gmail.com
6,Elio,Bernard,66,Retraite,Grenoble,0779269478,marcogzapro@gmail.com
7,Ayden,Lecomte,44,Ouvriers,Nanterre,0671369831,benjamin.bernaud@gmail.com
8,Timothee,Aubert,18,Agriculteurs exploitants,Montpellier,0719150098,quentin2908@gmail.com
9,Camil,Martinez,59,Professions intermediaires,Fort-de-France,0713103275,marcogzapro@gmail.com
10,Hugo,Roy,71,Retraite,Saint-Denis,0754415158,marcogzapro@gmail.com
11,Ayden,Clement,72,Retraite,Ivry-sur-Seine,0683303925,quentin2908@gmail.com
12,Yanis,Lemaire,22,Artisans,Le Mans,0718878354,marcogzapro@gmail.com
13,Tiago,Pierre,21,Chefs d'entreprise,Villeurbanne,0775136248,benjamin.bernaud@gmail.com
14,Elio,Meunier,74,Retraite,Colombes,0738495608,quentin2908@gmail.com
15,Charly,Fournier,31,Artisans,Vitry-sur-Seine,0626662286,quentin2908@gmail.com
16,Baptiste,Roussel,29,Artisans,Saint-etienne,0750903260,marcogzapro@gmail.com
17,Kais,Henry,76,Retraite,Ajaccio,0640775171,marcogzapro@gmail.com
18,Nael,Leclerc,60,Professions intellectuelles superieures,Cayenne,0779547533,marcogzapro@gmail.com
19,Tom,Joly,44,Agriculteurs exploitants,Saint-Denis,0772945292,marcogzapro@gmail.com
20,Lucas,Mathieu,25,Artisans,Ivry-sur-Seine,0754891689,marcogzapro@gmail.com
21,Tom,Giraud,46,Employes,Pantin,0644690291,marcogzapro@gmail.com
22,Isaac,Leclerc,58,Professions intellectuelles superieures,Besancon,0756299048,benjamin.bernaud@gmail.com
23,Ethan,Martinez,24,Professions intellectuelles superieures,Merignac,0640401898,quentin2908@gmail.com
24,Eliott,Renaud,29,Artisans,Issy-les-Moulineaux,0612939329,marcogzapro@gmail.com
25,Charlie,Mercier,43,Professions intellectuelles superieures,Pessac,0720584482,marcogzapro@gmail.com
26,Tom,Gerard,28,Artisans,Nimes,0719693024,marcogzapro@gmail.com
27,Leon,Bonnet,58,Artisans,Grenoble,0688086186,marcogzapro@gmail.com
28,Noah,Rey,20,Professions intellectuelles superieures,Saint-Nazaire,0622288663,benjamin.bernaud@gmail.com
29,Baptiste,Garnier,54,Cadres,Cherbourg-en-Cotentin,0690834688,marcogzapro@gmail.com
30,Paul,Roussel,39,Commercants,Venissieux,0614714931,marcogzapro@gmail.com
31,Elio,Bourgeois,32,Commercants,Annecy,0641003186,marcogzapro@gmail.com
32,Marceau,Morel,47,Employes,Valence,0625158482,marcogzapro@gmail.com
33,Alexandre,Bertrand,24,Chefs d'entreprise,Clichy,0776895808,marcogzapro@gmail.com
34,Auguste,Dumont,61,Chefs d'entreprise,Venissieux,0766901854,marcogzapro@gmail.com
35,Ilyes,Garnier,41,Chefs d'entreprise,Nanterre,0637445750,marcogzapro@gmail.com
36,Arthur,Gauthier,34,Agriculteurs exploitants,Courbevoie,0689259211,marcogzapro@gmail.com
37,Tom,Durand,40,Cadres,Nice,0644793455,marcogzapro@gmail.com
38,Tom,Michel,35,Agriculteurs exploitants,Limoges,0687394511,quentin2908@gmail.com
39,Joseph,Legrand,56,Artisans,Angers,0745068692,quentin2908@gmail.com
40,Malone,Denis,78,Retraite,Grenoble,0641022864,marcogzapro@gmail.com
41,Charly,Rey,75,Retraite,Champigny-sur-Marne,0798864980,benjamin.bernaud@gmail.com
42,Valentin,Masson,48,Ouvriers,Pau,0727749443,benjamin.bernaud@gmail.com
43,Maxime,Fournier,80,Retraite,Lyon,0692927372,benjamin.bernaud@gmail.com
44,Enzo,Dupont,46,Cadres,Rueil-Malmaison,0638002733,marcogzapro@gmail.com
45,Nael,Lefevre,51,Chefs d'entreprise,Amiens,0775935470,marcogzapro@gmail.com
46,Come,Morin,33,Commercants,Orleans,0749014681,benjamin.bernaud@gmail.com
47,Evan,Lucas,38,Employes,Rouen,0720154379,marcogzapro@gmail.com
48,Leon,Duval,19,Professions intellectuelles superieures,Le Blanc-Mesnil,0638346622,marcogzapro@gmail.com
49,Lucas,Riviere,40,Ouvriers,Valence,0715523589,marcogzapro@gmail.com
50,Louis,Gautier,44,Cadres,La Seyne-sur-Mer,0610225890,marcogzapro@gmail.com
51,Lila,Clement,62,Professions intellectuelles superieures,Cayenne,0778284457,benjamin.bernaud@gmail.com
52,Jeanne,Perrin,52,Chefs d'entreprise,Fort-de-France,0637768377,quentin2908@gmail.com
53,Mathilde,Martin,41,Agriculteurs exploitants,Bordeaux,0659975428,quentin2908@gmail.com
54,Lyna,Roche,63,Commercants,Avignon,0632858140,quentin2908@gmail.com
55,Rose,Lecomte,25,Ouvriers,Montpellier,0665271255,marcogzapro@gmail.com
56,Elena,Dufour,28,Chefs d'entreprise,Montauban,0774699662,quentin2908@gmail.com
57,Anais,Vincent,37,Employes,Saint-Paul,0625272540,benjamin.bernaud@gmail.com
58,Joy,Rolland,78,Retraite,Clermont-Ferrand,0734389941,marcogzapro@gmail.com
59,Inaya,Robert,26,Employes,Caen,0689677381,marcogzapro@gmail.com
60,Maria,Robin,68,Retraite,Saint-Denis,0667239940,benjamin.bernaud@gmail.com
61,Camille,Nicolas,84,Retraite,Pantin,0736612599,quentin2908@gmail.com
62,Camille,Noel,48,Chefs d'entreprise,Issy-les-Moulineaux,0745529097,marcogzapro@gmail.com
63,Marie,Robin,28,Artisans,Le Havre,0739163074,quentin2908@gmail.com
64,Gabrielle,Benoit,66,Retraite,Neuilly-sur-Seine,0611405540,quentin2908@gmail.com
65,Lilou,Brunet,75,Retraite,Limoges,0742687770,marcogzapro@gmail.com
66,Alix,Duval,81,Retraite,Levallois-Perret,0656905821,marcogzapro@gmail.com
67,Sofia,Roussel,28,Professions intermediaires,Asnieres-sur-Seine,0672491624,marcogzapro@gmail.com
68,Thays,Giraud,81,Retraite,Rueil-Malmaison,0769855569,quentin2908@gmail.com
69,Romane,Bernard,79,Retraite,Nice,0751835336,marcogzapro@gmail.com
70,Jeanne,Meyer,22,Professions intermediaires,Mamoudzou,0744139565,marcogzapro@gmail.com
71,Ines,Garcia,79,Retraite,Saint-Pierre,0792143050,marcogzapro@gmail.com
72,Nora,Morin,75,Retraite,Beziers,0669706510,marcogzapro@gmail.com
73,Emmy,Roux,48,Cadres,Limoges,0668584655,benjamin.bernaud@gmail.com
74,Elise,Muller,86,Retraite,La Rochelle,0662840332,quentin2908@gmail.com
75,Margot,Lefebvre,80,Retraite,Nancy,0715171372,quentin2908@gmail.com
76,Charlie,Moreau,51,Personne sans activite professionnelle,Grenoble,0725245612,quentin2908@gmail.com
77,Margot,Giraud,81,Retraite,Saint-Denis,0698830988,quentin2908@gmail.com
78,Lana,Moreau,72,Retraite,Champigny-sur-Marne,0687691023,marcogzapro@gmail.com
79,Ambre,Lambert,48,Professions intellectuelles superieures,Cayenne,0754830576,marcogzapro@gmail.com
80,Marie,Dubois,50,Agriculteurs exploitants,Antibes,0632860648,marcogzapro@gmail.com
81,Margaux,Dumont,26,Commercants,Colombes,0719866741,marcogzapro@gmail.com
82,Charlotte,Guerin,79,Retraite,Troyes,0617889634,marcogzapro@gmail.com
83,Adele,Bertrand,40,Professions intermediaires,Levallois-Perret,0725819294,marcogzapro@gmail.com
84,Jeanne,Roux,20,Professions intellectuelles superieures,Reims,0779382580,marcogzapro@gmail.com
85,Alix,Philippe,19,Commercants,Bordeaux,0774294663,quentin2908@gmail.com
86,Elena,Morin,33,Professions intellectuelles superieures,Lyon,0730381677,benjamin.bernaud@gmail.com
87,Thays,Andre,85,Retraite,Asnieres-sur-Seine,0613614024,benjamin.bernaud@gmail.com
88,Celia,Moreau,59,Agriculteurs exploitants,Pau,0787943639,quentin2908@gmail.com
89,Salome,Dufour,68,Retraite,Courbevoie,0681336198,marcogzapro@gmail.com
90,Alicia,Gauthier,22,Professions intellectuelles superieures,Pessac,0631400777,marcogzapro@gmail.com
91,Elise,Lemaire,85,Retraite,Beziers,0793757703,benjamin.bernaud@gmail.com
92,Maelys,Duval,71,Retraite,Niort,0780736360,quentin2908@gmail.com
93,Nina,Masson,32,Artisans,Issy-les-Moulineaux,0633666799,marcogzapro@gmail.com
94,Agathe,Leclerc,30,Ouvriers,evry-Courcouronnes,0717970855,quentin2908@gmail.com
95,Lea,Laurent,26,Professions intermediaires,La Rochelle,0642966754,marcogzapro@gmail.com
96,Margot,Caron,69,Retraite,La Seyne-sur-Mer,0748462872,marcogzapro@gmail.com
97,Manon,Lefevre,57,Ouvriers,Metz,0710635130,marcogzapro@gmail.com
98,Lou,Roger,76,Retraite,Ivry-sur-Seine,0663929519,quentin2908@gmail.com
99,Romane,Bonnet,80,Retraite,Marseille,0617282097,benjamin.bernaud@gmail.com
100,Lina,Gautier,21,Professions intermediaires,Aubervilliers,0631724845,quentin2908@gmail.com
